{"cameraMode":{"drawMode":0,"name":"Shaded","section":"Shading Mode"},"sceneLighting":true,"audioPlay":false,"sceneViewState":{"m_AlwaysRefresh":false,"showFog":true,"showSkybox":true,"showFlares":true,"showImageEffects":true,"showParticleSystems":true,"showVisualEffectGraphs":true,"m_FxEnabled":true},"in2DMode":false,"pivot":{"x":0.6285477876663208,"y":2.063062906265259,"z":2.237982749938965},"rotation":{"x":-0.013543420471251011,"y":-0.9714845418930054,"z":0.2301492840051651,"w":-0.05539381131529808},"size":1.9311453104019166,"orthographic":false}